{"train_loss": [0.00022294046255330694, 0.0001367129853133338, 0.00011923885808578411, 0.00011207411060533267, 0.00010636711651325702, 0.00010242788012400998, 0.00010092575358466239, 9.849227544046433e-05, 9.716651014356714e-05, 9.581076650275835e-05, 9.527043674939772e-05, 9.347665771875889e-05, 9.489000507374993e-05, 9.281533100359018e-05, 9.174968214223542e-05, 9.073281916090462e-05, 9.304225515548482e-05, 9.031657218901937e-05, 8.994726626035351e-05, 8.834976905256134e-05, 8.875550784032421e-05, 8.96669421056483e-05, 8.951652190867966e-05, 8.842409098568689e-05, 8.75718500796634e-05, 8.922803359999599e-05, 8.804874956085469e-05, 8.67299737227905e-05, 8.828772437978346e-05, 8.633371048354483e-05, 8.668792660042985e-05, 8.612006517871684e-05, 8.119631527935579e-05, 8.105607943233482e-05, 8.06701417008622e-05, 8.034995185688978e-05, 8.052788314023666e-05, 7.987092709930318e-05, 8.049009411079569e-05, 8.01236796125802e-05, 7.949659016662122e-05, 7.987629276113965e-05, 8.009332311149292e-05, 7.95213848637086e-05, 7.972932838957685e-05, 7.925297365403055e-05, 7.947271522001498e-05, 7.970074199800439e-05, 7.893036533008395e-05, 7.978442728391282e-05, 7.907390096494095e-05, 7.925240967906902e-05, 7.922575526310436e-05, 7.914569234195063e-05, 7.853281634381163e-05, 7.670350815023776e-05, 7.639805760971387e-05, 7.623640890728579e-05, 7.612162839048725e-05, 7.606155875314393e-05, 7.614303860060267e-05, 7.601595124613906e-05, 7.593543449848648e-05, 7.588390925528775e-05, 7.578131836457029e-05, 7.574194839381161e-05, 7.558621575663073e-05, 7.560953431275484e-05, 7.558617597396052e-05, 7.530204323324575e-05, 7.559651034851188e-05, 7.544905194239134e-05, 7.437936487220342e-05, 7.417807135665712e-05, 7.419376457115327e-05, 7.416314870422159e-05, 7.403541428294937e-05, 7.40810887696166e-05, 7.394143894837431e-05, 7.394508528810442e-05, 7.399900477213049e-05, 7.397367342518437e-05, 7.387797665393912e-05, 7.329475400118391e-05, 7.325966986770339e-05, 7.324168392075647e-05, 7.324296388020315e-05, 7.32281321912073e-05, 7.317504268458406e-05, 7.311434082547994e-05, 7.32211805100789e-05, 7.316867908769297e-05, 7.314427411053337e-05, 7.311398465279465e-05, 7.282253184664163e-05, 7.284829492724733e-05, 7.2764409909806e-05, 7.276833455661846e-05, 7.276424893253742e-05, 7.274607207234015e-05], "val_loss": [0.00014180280634337882, 0.00011190227823423668, 0.0001106489126896051, 9.700975485033124e-05, 9.21108751353005e-05, 8.742759525462187e-05, 8.230033473190453e-05, 8.797535332124487e-05, 9.935659605546897e-05, 8.523737764698736e-05, 8.326238662584298e-05, 9.394623051086028e-05, 8.51979794604864e-05, 8.610716849925535e-05, 8.122028240729273e-05, 9.298974156344697e-05, 8.38842039929076e-05, 8.519780534562145e-05, 8.300406112839272e-05, 8.326504369168891e-05, 7.9573849240101e-05, 8.2008525574371e-05, 8.152113866664159e-05, 8.206233904074113e-05, 8.285458831693638e-05, 8.445396839152983e-05, 8.308162195856291e-05, 8.182142380918382e-05, 8.196218296955329e-05, 8.053397732005599e-05, 9.711820030100167e-05, 8.298121696937486e-05, 7.976514853745388e-05, 8.272819546954226e-05, 7.945879680003671e-05, 8.033546251469837e-05, 8.159852023427768e-05, 8.176997239543248e-05, 8.02701478799436e-05, 7.830052342403932e-05, 7.971245626856079e-05, 7.871121180985625e-05, 7.936128058122552e-05, 7.63475668570073e-05, 7.863793192307052e-05, 0.00011336004978232354, 7.86211890457551e-05, 7.883857754093182e-05, 7.662037079710433e-05, 8.185755397084763e-05, 7.711873050757825e-05, 7.859527708386948e-05, 8.014660482300395e-05, 7.888188663829381e-05, 7.791692375260344e-05, 7.766330974686911e-05, 7.67621445194157e-05, 7.80180748319349e-05, 7.755930238267597e-05, 7.720827707910696e-05, 7.580091441316841e-05, 7.815360336116654e-05, 8.033509661189865e-05, 8.185448373580855e-05, 7.762206557015594e-05, 7.647062264862456e-05, 7.781791091433104e-05, 7.781333262799163e-05, 9.136622937501405e-05, 7.818590820338223e-05, 7.752519781850328e-05, 7.852677616126113e-05, 7.754946790066798e-05, 7.687259888161871e-05, 7.707127612297387e-05, 7.670258056586966e-05, 7.694443191554805e-05, 7.695461002961174e-05, 7.785999248045774e-05, 7.745080326721662e-05, 7.648290217907106e-05, 7.663201692233518e-05, 7.634324218480949e-05, 7.657002742378004e-05, 7.647336458833203e-05, 7.705631578267234e-05, 7.722026979704631e-05, 7.682421287560852e-05, 7.622594786226625e-05, 7.670414217542045e-05, 7.69266242680466e-05, 7.660370381137848e-05, 7.709773979402682e-05, 7.667237729199424e-05, 7.740886006872323e-05, 7.666034741005006e-05, 7.696881530046471e-05, 7.6651992977371e-05, 7.690705803104212e-05, 7.678595681005311e-05], "best_val_loss": 7.580091441316841e-05, "best_epoch": 60}