{"train_loss": [0.0007729780984400313, 0.00027425281263841967, 0.0002425998987978328, 0.0002278521151872637, 0.00022085631383514015, 0.000212141938775231, 0.00020881324597944313, 0.00020446951258015335, 0.00019997594586401468, 0.00019779718075485552, 0.00019290011210157908, 0.00019142583240740844, 0.00018994726654552842, 0.0001878434724724311, 0.00018518177520458396, 0.00018611948505540895, 0.00018432710974510306, 0.00018121281206742382, 0.0001807322523292889, 0.0001808113807082085, 0.00017780251434045517, 0.00016449654681599646, 0.00016370248910419492, 0.00016323537140062644, 0.0001614423836543435, 0.00016215260025019524, 0.00016068737086170876, 0.00016006358314063032, 0.00015966574078972998, 0.00015965579082801134, 0.00015924117027556843, 0.0001581808605724617, 0.00015823859980918065, 0.00015792815097447746, 0.00015671350183675165, 0.00015678957111846551, 0.00015607286730435054, 0.00014914741544531403, 0.0001488595237668529, 0.00014832798652547586, 0.00014800208258932969, 0.00014785334219976292, 0.00014749978685271693, 0.00014745872409635573, 0.00014701647555340745, 0.00014718257754913315, 0.00014654271304531297, 0.00014597166396250908, 0.00014282997199460446, 0.0001427411774434893, 0.0001423139152752285, 0.0001424074256677945, 0.00014204820232168505, 0.00014220603008609207, 0.00014189722931104665, 0.00014186479495719145, 0.00014144191878545984, 0.00014151452191764251, 0.0001413326955180962, 0.0001395737712548824, 0.0001394385374613237, 0.00013922029321850957, 0.00013930893213642029, 0.0001392232594023163, 0.00013912141710161122, 0.00013914156234856213, 0.0001388791795220985, 0.00013886575992822677, 0.0001388112825861029, 0.00013890324944567913, 0.00013774003547545167, 0.00013775560992361575, 0.0001376302244693308, 0.00013758274928071646, 0.00013773136136177821, 0.00013747981583457796, 0.00013760125362348633, 0.00013749087756751176, 0.00013752490611520455, 0.0001373929068226953, 0.0001373274598928578, 0.00013686665999831165, 0.000136821413891983, 0.00013686965046263755, 0.00013682310928341183, 0.0001368396941638839, 0.0001368164382602552, 0.00013682873830827205, 0.00013667972651787696, 0.0001368408985060787, 0.00013675578405225288, 0.000136665660830836, 0.0001364053743520663, 0.0001364633262429593, 0.0001364583724563159, 0.0001364314404955835, 0.00013639906763860763, 0.00013637537236116845, 0.00013634479950200604, 0.00013632439722043846], "val_loss": [0.0002862247318896198, 0.0002283865939754877, 0.00023094868659564373, 0.0002251095400989694, 0.0002855334388658483, 0.0002312033935687018, 0.0002255546315049011, 0.0002208744629964645, 0.00022663369535049283, 0.00021452591494552418, 0.00022646937833800752, 0.00027167300420375643, 0.00021568457024159193, 0.00021775221923644861, 0.00027117928216221875, 0.00022128215374185055, 0.00024720139419788056, 0.00023093864275727525, 0.000326692872458156, 0.00021921202917404113, 0.0002220754494853882, 0.00021085714952725403, 0.00020642522996817172, 0.00021568869650584094, 0.00023586837861712653, 0.00020341230118550789, 0.00022567304644177503, 0.00022247727923116557, 0.00026434982475711437, 0.0002280783110045588, 0.00023832486806385308, 0.00027324997834985316, 0.00021333609046878145, 0.00022317162585548615, 0.00023477677964799687, 0.0002750625439395114, 0.00025220790475609335, 0.00024298735553081476, 0.00024802862364786243, 0.00022791098243650168, 0.0002373822863603056, 0.00024289027714186485, 0.0002372957943606206, 0.00025722187864456566, 0.0002670741951149927, 0.0002451092436146858, 0.00027008511094869255, 0.00024699935882438386, 0.00023305864135324405, 0.00024150502565101672, 0.00023696812161194537, 0.0002434099351545335, 0.00024854390107678014, 0.00024323727149186733, 0.0002392910382499729, 0.000234065544916808, 0.0002452878885381339, 0.000257364495725953, 0.00024137096028779742, 0.00023484022657300457, 0.0002477469583959059, 0.00025448425031908856, 0.00024372121293796405, 0.0002500549047484761, 0.00025287417502475304, 0.0002418469010702022, 0.00025734180625496244, 0.00025022643039345627, 0.00025367952746594547, 0.00026105628393675607, 0.0002467314480255916, 0.0002487635286285706, 0.0002447520571157337, 0.0002440149152376575, 0.0002469866489152109, 0.00024224780681728948, 0.00024743306634538565, 0.0002398282777384142, 0.00024810308212546236, 0.00024617677593433433, 0.0002506775689149804, 0.00024683249335453767, 0.00024955400203112, 0.00024459584742516537, 0.00025109097411234264, 0.0002493998729204588, 0.00024216112588577827, 0.00024856382756682083, 0.0002428981427087822, 0.00024580679750506096, 0.00024710636055364963, 0.00025446267539127205, 0.0002415438313802911, 0.0002484792772631641, 0.00024585542378411214, 0.0002467197649133143, 0.0002484499812643842, 0.00024806292617170374, 0.0002460194291022332, 0.0002435311301927668], "best_val_loss": 0.00020341230118550789, "best_epoch": 25}